3e+06,5e+05,-1e+04,-1e+04,-2e+04,0e+00,0e+00,0e+00,0e+00,0e+00,0e+00,0e+00,0e+00,0e+00,0e+00,0e+00,0e+00,0e+00,0e+00,0e+00,0e+00,0e+00,0e+00,0e+00,0e+00,0e+00,0e+00,0e+00,0e+00,1e+07,-8e+06,-2e+06,9e+03,9e+03,2e+04,0e+00,0e+00,0e+00,0e+00,0e+00,0e+00,0e+00,0e+00,0e+00,0e+00,0e+00,0e+00,0e+00,0e+00,0e+00,0e+00,0e+00,0e+00,0e+00,0e+00,0e+00,0e+00,0e+00,0e+00,-5e+00,-5e+00,1e+00,2e+00,0e+00,0e+00,0e+00,0e+00,0e+00,0e+00,0e+00,0e+00
5e+05,1e+05,0e+00,0e+00,0e+00,0e+00,0e+00,0e+00,0e+00,0e+00,0e+00,0e+00,0e+00,0e+00,0e+00,0e+00,0e+00,0e+00,0e+00,0e+00,0e+00,0e+00,0e+00,0e+00,0e+00,0e+00,0e+00,0e+00,0e+00,2e+06,-1e+06,-5e+05,0e+00,0e+00,0e+00,0e+00,0e+00,0e+00,0e+00,0e+00,0e+00,0e+00,0e+00,0e+00,0e+00,0e+00,0e+00,0e+00,0e+00,0e+00,0e+00,0e+00,0e+00,0e+00,0e+00,0e+00,0e+00,0e+00,0e+00,0e+00,0e+00,0e+00,0e+00,0e+00,0e+00,0e+00,0e+00,0e+00,0e+00,0e+00,0e+00
-1e+04,0e+00,5e+05,2e+03,2e+03,0e+00,0e+00,0e+00,0e+00,0e+00,-5e+05,2e+04,8e+03,2e+04,1e+04,0e+00,0e+00,0e+00,0e+00,0e+00,0e+00,0e+00,0e+00,0e+00,0e+00,0e+00,0e+00,0e+00,0e+00,-5e+03,9e+03,0e+00,-5e+03,-2e+03,-2e+03,0e+00,0e+00,0e+00,0e+00,0e+00,-2e+04,1e+03,4e+03,8e+03,5e+03,0e+00,0e+00,0e+00,0e+00,0e+00,0e+00,0e+00,0e+00,0e+00,0e+00,0e+00,0e+00,0e+00,0e+00,0e+00,-2e+01,0e+00,6e+00,0e+00,0e+00,0e+00,0e+00,0e+00,0e+00,0e+00,0e+00
-1e+04,0e+00,2e+03,2e+03,2e+03,0e+00,0e+00,0e+00,0e+00,0e+00,0e+00,0e+00,0e+00,0e+00,0e+00,0e+00,0e+00,0e+00,0e+00,0e+00,0e+00,0e+00,0e+00,0e+00,0e+00,0e+00,0e+00,0e+00,0e+00,-2e+03,5e+03,0e+00,-9e+02,-9e+02,-9e+02,0e+00,0e+00,0e+00,0e+00,0e+00,0e+00,0e+00,0e+00,0e+00,0e+00,0e+00,0e+00,0e+00,0e+00,0e+00,0e+00,0e+00,0e+00,0e+00,0e+00,0e+00,0e+00,0e+00,0e+00,1e+01,0e+00,-4e+00,0e+00,0e+00,0e+00,0e+00,0e+00,0e+00,0e+00,0e+00,0e+00
-2e+04,0e+00,2e+03,2e+03,3e+05,-2e+05,-6e+04,4e+04,-2e+05,0e+00,0e+00,0e+00,0e+00,0e+00,0e+00,5e+04,0e+00,0e+00,2e+04,6e+04,3e+04,0e+00,0e+00,0e+00,0e+00,0e+00,1e+04,0e+00,0e+00,-4e+03,2e+04,0e+00,-1e+03,-1e+03,-3e+05,3e+05,5e+02,-6e+03,-3e+04,0e+00,0e+00,0e+00,0e+00,0e+00,0e+00,1e+04,0e+00,0e+00,5e+03,1e+04,7e+03,0e+00,0e+00,0e+00,0e+00,0e+00,5e+02,0e+00,0e+00,0e+00,8e+01,0e+00,-2e+01,-5e+00,0e+00,0e+00,-1e+01,6e-02,0e+00,0e+00,5e+00
0e+00,0e+00,0e+00,0e+00,-2e+05,2e+05,0e+00,0e+00,0e+00,0e+00,0e+00,0e+00,0e+00,0e+00,0e+00,0e+00,0e+00,0e+00,0e+00,0e+00,0e+00,0e+00,0e+00,0e+00,0e+00,0e+00,0e+00,0e+00,0e+00,0e+00,0e+00,0e+00,0e+00,0e+00,3e+05,-3e+05,0e+00,0e+00,0e+00,0e+00,0e+00,0e+00,0e+00,0e+00,0e+00,0e+00,0e+00,0e+00,0e+00,0e+00,0e+00,0e+00,0e+00,0e+00,0e+00,0e+00,0e+00,0e+00,0e+00,-7e+00,-1e+01,3e+00,4e+00,0e+00,0e+00,0e+00,0e+00,0e+00,0e+00,0e+00,0e+00
0e+00,0e+00,0e+00,0e+00,-6e+04,0e+00,7e+04,0e+00,0e+00,0e+00,0e+00,0e+00,0e+00,0e+00,0e+00,0e+00,0e+00,0e+00,0e+00,0e+00,0e+00,0e+00,0e+00,0e+00,0e+00,0e+00,-1e+04,0e+00,0e+00,0e+00,0e+00,0e+00,0e+00,0e+00,5e+02,0e+00,-1e+03,0e+00,0e+00,0e+00,0e+00,0e+00,0e+00,0e+00,0e+00,0e+00,0e+00,0e+00,0e+00,0e+00,0e+00,0e+00,0e+00,0e+00,0e+00,0e+00,-5e+02,0e+00,0e+00,0e+00,-2e+01,0e+00,5e+00,0e+00,0e+00,0e+00,-4e+00,0e+00,0e+00,0e+00,1e+00
0e+00,0e+00,0e+00,0e+00,4e+04,0e+00,0e+00,2e+11,-1e+06,-2e+11,0e+00,0e+00,0e+00,0e+00,0e+00,3e+05,0e+00,0e+00,9e+04,3e+05,1e+05,0e+00,0e+00,0e+00,0e+00,0e+00,0e+00,0e+00,0e+00,0e+00,0e+00,0e+00,0e+00,0e+00,-1e+03,0e+00,0e+00,-5e+03,-3e+05,6e-21,0e+00,0e+00,0e+00,0e+00,0e+00,8e+04,0e+00,0e+00,3e+04,1e+05,5e+04,0e+00,0e+00,0e+00,0e+00,0e+00,0e+00,0e+00,0e+00,0e+00,-5e+00,0e+00,-6e-02,2e+01,-5e+00,0e+00,0e+00,3e-12,-8e-15,0e+00,0e+00
0e+00,0e+00,0e+00,0e+00,-2e+05,0e+00,0e+00,-1e+06,9e+06,0e+00,0e+00,0e+00,0e+00,0e+00,7e+04,-3e+06,0e+00,0e+00,-1e+06,-3e+06,-2e+06,0e+00,0e+00,0e+00,0e+00,0e+00,0e+00,0e+00,0e+00,0e+00,0e+00,0e+00,0e+00,0e+00,5e+05,0e+00,0e+00,3e+06,-1e+07,0e+00,0e+00,0e+00,0e+00,0e+00,-2e+04,3e+06,0e+00,0e+00,1e+06,3e+06,1e+06,0e+00,0e+00,0e+00,0e+00,0e+00,0e+00,0e+00,0e+00,0e+00,-2e+00,0e+00,-3e-02,-9e+00,0e+00,0e+00,0e+00,-6e-02,0e+00,0e+00,0e+00
0e+00,0e+00,0e+00,0e+00,0e+00,0e+00,0e+00,-2e+11,0e+00,2e+11,0e+00,0e+00,0e+00,0e+00,0e+00,0e+00,0e+00,0e+00,0e+00,0e+00,0e+00,0e+00,0e+00,0e+00,0e+00,0e+00,0e+00,0e+00,0e+00,0e+00,0e+00,0e+00,0e+00,0e+00,0e+00,0e+00,0e+00,8e-04,0e+00,-6e-21,0e+00,0e+00,0e+00,0e+00,0e+00,0e+00,0e+00,0e+00,0e+00,0e+00,0e+00,0e+00,0e+00,0e+00,0e+00,0e+00,0e+00,0e+00,0e+00,0e+00,0e+00,0e+00,0e+00,-5e+00,5e+00,0e+00,0e+00,8e-15,8e-15,0e+00,0e+00
0e+00,0e+00,-5e+05,0e+00,0e+00,0e+00,0e+00,0e+00,0e+00,0e+00,1e+06,-1e+05,6e+04,-7e+05,-5e+05,2e+05,1e+05,0e+00,0e+00,0e+00,0e+00,1e+05,0e+00,0e+00,0e+00,0e+00,0e+00,0e+00,0e+00,0e+00,0e+00,0e+00,4e+04,0e+00,0e+00,0e+00,0e+00,0e+00,0e+00,0e+00,-5e+05,7e+04,-7e+04,6e+05,3e+05,-2e+05,-2e+05,0e+00,0e+00,0e+00,0e+00,-2e+05,0e+00,0e+00,0e+00,0e+00,0e+00,0e+00,0e+00,0e+00,0e+00,0e+00,0e+00,0e+00,0e+00,0e+00,0e+00,0e+00,0e+00,0e+00,0e+00
0e+00,0e+00,2e+04,0e+00,0e+00,0e+00,0e+00,0e+00,0e+00,0e+00,-1e+05,4e+04,2e+04,3e+04,2e+04,0e+00,0e+00,0e+00,0e+00,0e+00,0e+00,0e+00,0e+00,0e+00,0e+00,0e+00,0e+00,0e+00,0e+00,0e+00,0e+00,0e+00,-2e+03,0e+00,0e+00,0e+00,0e+00,0e+00,0e+00,0e+00,-1e+04,-5e+03,5e+03,1e+04,6e+03,0e+00,0e+00,0e+00,0e+00,0e+00,0e+00,0e+00,0e+00,0e+00,0e+00,0e+00,0e+00,0e+00,0e+00,0e+00,0e+00,0e+00,0e+00,0e+00,0e+00,0e+00,0e+00,0e+00,0e+00,0e+00,0e+00
0e+00,0e+00,8e+03,0e+00,0e+00,0e+00,0e+00,0e+00,0e+00,0e+00,6e+04,2e+04,1e+05,-3e+05,1e+04,0e+00,7e+04,0e+00,0e+00,0e+00,0e+00,8e+04,0e+00,0e+00,0e+00,0e+00,0e+00,0e+00,0e+00,0e+00,0e+00,0e+00,-8e+03,0e+00,0e+00,0e+00,0e+00,0e+00,0e+00,0e+00,-2e+05,-1e+04,-7e+04,5e+05,-5e+03,0e+00,-1e+05,0e+00,0e+00,0e+00,0e+00,-1e+05,0e+00,0e+00,0e+00,0e+00,0e+00,0e+00,0e+00,0e+00,0e+00,0e+00,0e+00,0e+00,0e+00,0e+00,0e+00,0e+00,0e+00,0e+00,0e+00
0e+00,0e+00,2e+04,0e+00,0e+00,0e+00,0e+00,0e+00,0e+00,0e+00,-7e+05,3e+04,-3e+05,2e+06,3e+04,0e+00,-1e+06,7e+05,0e+00,0e+00,0e+00,-4e+05,0e+00,0e+00,0e+00,0e+00,0e+00,0e+00,0e+00,0e+00,0e+00,0e+00,-2e+04,0e+00,0e+00,0e+00,0e+00,0e+00,0e+00,0e+00,8e+05,-3e+04,2e+05,-3e+06,-1e+04,0e+00,2e+06,-1e+06,0e+00,0e+00,0e+00,5e+05,0e+00,0e+00,0e+00,0e+00,0e+00,0e+00,0e+00,0e+00,0e+00,0e+00,0e+00,0e+00,0e+00,0e+00,0e+00,0e+00,0e+00,0e+00,0e+00
0e+00,0e+00,1e+04,0e+00,0e+00,0e+00,0e+00,0e+00,7e+04,0e+00,-5e+05,2e+04,1e+04,3e+04,9e+05,-5e+05,0e+00,0e+00,0e+00,0e+00,0e+00,0e+00,0e+00,0e+00,0e+00,0e+00,0e+00,0e+00,0e+00,0e+00,0e+00,0e+00,-1e+04,0e+00,0e+00,0e+00,0e+00,0e+00,-3e+04,0e+00,3e+05,-2e+04,-5e+03,-7e+03,-6e+05,4e+05,0e+00,0e+00,0e+00,0e+00,0e+00,0e+00,0e+00,0e+00,0e+00,0e+00,0e+00,0e+00,0e+00,0e+00,0e+00,0e+00,0e+00,0e+00,0e+00,0e+00,0e+00,0e+00,0e+00,0e+00,0e+00
0e+00,0e+00,0e+00,0e+00,5e+04,0e+00,0e+00,3e+05,-3e+06,0e+00,2e+05,0e+00,0e+00,0e+00,-5e+05,1e+06,0e+00,0e+00,3e+05,8e+05,4e+05,0e+00,0e+00,0e+00,0e+00,0e+00,0e+00,0e+00,0e+00,0e+00,0e+00,0e+00,0e+00,0e+00,-2e+05,0e+00,0e+00,-8e+05,4e+06,0e+00,-1e+05,0e+00,0e+00,0e+00,3e+05,-1e+06,0e+00,0e+00,-3e+05,-9e+05,-4e+05,0e+00,0e+00,0e+00,0e+00,0e+00,0e+00,0e+00,0e+00,0e+00,0e+00,0e+00,0e+00,0e+00,0e+00,0e+00,0e+00,0e+00,0e+00,0e+00,0e+00
0e+00,0e+00,0e+00,0e+00,0e+00,0e+00,0e+00,0e+00,0e+00,0e+00,1e+05,0e+00,7e+04,-1e+06,0e+00,0e+00,9e+06,-8e+06,2e+05,0e+00,0e+00,7e+04,0e+00,0e+00,0e+00,0e+00,0e+00,0e+00,0e+00,0e+00,0e+00,0e+00,0e+00,0e+00,0e+00,0e+00,0e+00,0e+00,0e+00,0e+00,-1e+05,0e+00,-4e+04,2e+06,0e+00,0e+00,-2e+07,2e+07,-2e+05,0e+00,0e+00,-8e+04,0e+00,0e+00,0e+00,0e+00,0e+00,0e+00,0e+00,0e+00,0e+00,0e+00,0e+00,0e+00,0e+00,0e+00,0e+00,0e+00,0e+00,0e+00,0e+00
0e+00,0e+00,0e+00,0e+00,0e+00,0e+00,0e+00,0e+00,0e+00,0e+00,0e+00,0e+00,0e+00,7e+05,0e+00,0e+00,-8e+06,9e+06,-1e+06,0e+00,0e+00,0e+00,0e+00,0e+00,0e+00,0e+00,0e+00,0e+00,0e+00,0e+00,0e+00,0e+00,0e+00,0e+00,0e+00,0e+00,0e+00,0e+00,0e+00,0e+00,0e+00,0e+00,0e+00,-9e+05,0e+00,0e+00,2e+07,-2e+07,6e+05,0e+00,0e+00,0e+00,0e+00,0e+00,0e+00,0e+00,0e+00,0e+00,0e+00,0e+00,0e+00,0e+00,0e+00,0e+00,0e+00,0e+00,0e+00,0e+00,0e+00,0e+00,0e+00
0e+00,0e+00,0e+00,0e+00,2e+04,0e+00,0e+00,9e+04,-1e+06,0e+00,0e+00,0e+00,0e+00,0e+00,0e+00,3e+05,2e+05,-1e+06,1e+06,3e+05,1e+05,0e+00,0e+00,0e+00,0e+00,0e+00,0e+00,0e+00,0e+00,0e+00,0e+00,0e+00,0e+00,0e+00,-6e+04,0e+00,0e+00,-3e+05,1e+06,0e+00,0e+00,0e+00,0e+00,0e+00,0e+00,-3e+05,-2e+05,6e+05,-5e+05,-4e+05,-2e+05,0e+00,0e+00,0e+00,0e+00,0e+00,0e+00,0e+00,0e+00,0e+00,0e+00,0e+00,0e+00,0e+00,0e+00,0e+00,0e+00,0e+00,0e+00,0e+00,0e+00
0e+00,0e+00,0e+00,0e+00,6e+04,0e+00,0e+00,3e+05,-3e+06,0e+00,0e+00,0e+00,0e+00,0e+00,0e+00,8e+05,0e+00,0e+00,3e+05,9e+05,5e+05,0e+00,0e+00,0e+00,0e+00,0e+00,0e+00,0e+00,0e+00,0e+00,0e+00,0e+00,0e+00,0e+00,-2e+05,0e+00,0e+00,-1e+06,4e+06,0e+00,0e+00,0e+00,0e+00,0e+00,0e+00,-1e+06,0e+00,0e+00,-4e+05,-1e+06,-5e+05,0e+00,0e+00,0e+00,0e+00,0e+00,0e+00,0e+00,0e+00,0e+00,0e+00,0e+00,0e+00,0e+00,0e+00,0e+00,0e+00,0e+00,0e+00,0e+00,0e+00
0e+00,0e+00,0e+00,0e+00,3e+04,0e+00,0e+00,1e+05,-2e+06,0e+00,0e+00,0e+00,0e+00,0e+00,0e+00,4e+05,0e+00,0e+00,1e+05,5e+05,9e+05,2e+04,-4e+05,2e+04,0e+00,0e+00,0e+00,0e+00,0e+00,0e+00,0e+00,0e+00,0e+00,0e+00,-1e+05,0e+00,0e+00,-5e+05,2e+06,0e+00,0e+00,0e+00,0e+00,0e+00,0e+00,-6e+05,0e+00,0e+00,-2e+05,-6e+05,4e+04,-8e+03,-2e+05,-5e+03,0e+00,0e+00,0e+00,0e+00,0e+00,0e+00,0e+00,0e+00,0e+00,0e+00,0e+00,0e+00,0e+00,0e+00,0e+00,0e+00,0e+00
0e+00,0e+00,0e+00,0e+00,0e+00,0e+00,0e+00,0e+00,0e+00,0e+00,1e+05,0e+00,8e+04,-4e+05,0e+00,0e+00,7e+04,0e+00,0e+00,0e+00,2e+04,1e+05,-5e+04,1e+04,0e+00,0e+00,0e+00,0e+00,0e+00,0e+00,0e+00,0e+00,0e+00,0e+00,0e+00,0e+00,0e+00,0e+00,0e+00,0e+00,-2e+05,0e+00,-5e+04,4e+05,0e+00,0e+00,-1e+05,0e+00,0e+00,0e+00,-3e+03,-1e+05,9e+03,-2e+03,0e+00,0e+00,0e+00,0e+00,0e+00,0e+00,0e+00,0e+00,0e+00,0e+00,0e+00,0e+00,0e+00,0e+00,0e+00,0e+00,0e+00
0e+00,0e+00,0e+00,0e+00,0e+00,0e+00,0e+00,0e+00,0e+00,0e+00,0e+00,0e+00,0e+00,0e+00,0e+00,0e+00,0e+00,0e+00,0e+00,0e+00,-4e+05,-5e+04,5e+05,-1e+05,0e+00,0e+00,0e+00,0e+00,0e+00,0e+00,0e+00,0e+00,0e+00,0e+00,0e+00,0e+00,0e+00,0e+00,0e+00,0e+00,0e+00,0e+00,0e+00,0e+00,0e+00,0e+00,0e+00,0e+00,0e+00,0e+00,-2e+05,2e+04,8e+04,8e+04,0e+00,0e+00,0e+00,0e+00,0e+00,0e+00,0e+00,0e+00,0e+00,0e+00,0e+00,-2e+00,0e+00,0e+00,0e+00,1e+00,0e+00
0e+00,0e+00,0e+00,0e+00,0e+00,0e+00,0e+00,0e+00,0e+00,0e+00,0e+00,0e+00,0e+00,0e+00,0e+00,0e+00,0e+00,0e+00,0e+00,0e+00,2e+04,1e+04,-1e+05,1e+06,-5e+04,-8e+05,1e+03,2e+03,2e+03,0e+00,0e+00,0e+00,0e+00,0e+00,0e+00,0e+00,0e+00,0e+00,0e+00,0e+00,0e+00,0e+00,0e+00,0e+00,0e+00,0e+00,0e+00,0e+00,0e+00,0e+00,-4e+03,-4e+03,8e+04,-2e+06,2e+04,1e+06,-4e+03,-2e+03,-2e+03,0e+00,0e+00,0e+00,0e+00,0e+00,0e+00,8e+00,0e+00,0e+00,0e+00,-4e+00,0e+00
0e+00,0e+00,0e+00,0e+00,0e+00,0e+00,0e+00,0e+00,0e+00,0e+00,0e+00,0e+00,0e+00,0e+00,0e+00,0e+00,0e+00,0e+00,0e+00,0e+00,0e+00,0e+00,0e+00,-5e+04,5e+04,0e+00,0e+00,0e+00,0e+00,0e+00,0e+00,0e+00,0e+00,0e+00,0e+00,0e+00,0e+00,0e+00,0e+00,0e+00,0e+00,0e+00,0e+00,0e+00,0e+00,0e+00,0e+00,0e+00,0e+00,0e+00,0e+00,0e+00,0e+00,2e+04,-2e+04,0e+00,0e+00,0e+00,0e+00,0e+00,0e+00,0e+00,0e+00,0e+00,0e+00,-2e+00,0e+00,0e+00,0e+00,1e+00,0e+00
0e+00,0e+00,0e+00,0e+00,0e+00,0e+00,0e+00,0e+00,0e+00,0e+00,0e+00,0e+00,0e+00,0e+00,0e+00,0e+00,0e+00,0e+00,0e+00,0e+00,0e+00,0e+00,0e+00,-8e+05,0e+00,9e+05,-3e+03,-3e+04,-3e+04,0e+00,0e+00,0e+00,0e+00,0e+00,0e+00,0e+00,0e+00,0e+00,0e+00,0e+00,0e+00,0e+00,0e+00,0e+00,0e+00,0e+00,0e+00,0e+00,0e+00,0e+00,0e+00,0e+00,0e+00,1e+06,0e+00,-2e+06,7e+03,4e+04,5e+04,0e+00,0e+00,0e+00,0e+00,0e+00,0e+00,-4e+00,-2e+00,0e+00,0e+00,2e+00,6e-02
0e+00,0e+00,0e+00,0e+00,1e+04,0e+00,-1e+04,0e+00,0e+00,0e+00,0e+00,0e+00,0e+00,0e+00,0e+00,0e+00,0e+00,0e+00,0e+00,0e+00,0e+00,0e+00,0e+00,1e+03,0e+00,-3e+03,3e+03,5e+02,4e+02,0e+00,0e+00,0e+00,0e+00,0e+00,-5e+02,0e+00,7e+02,0e+00,0e+00,0e+00,0e+00,0e+00,0e+00,0e+00,0e+00,0e+00,0e+00,0e+00,0e+00,0e+00,0e+00,0e+00,0e+00,8e+02,0e+00,-2e+03,1e+02,4e+02,3e+02,0e+00,-1e+01,0e+00,5e+00,0e+00,0e+00,0e+00,2e+01,0e+00,0e+00,0e+00,-6e+00
0e+00,0e+00,0e+00,0e+00,0e+00,0e+00,0e+00,0e+00,0e+00,0e+00,0e+00,0e+00,0e+00,0e+00,0e+00,0e+00,0e+00,0e+00,0e+00,0e+00,0e+00,0e+00,0e+00,2e+03,0e+00,-3e+04,5e+02,3e+05,-3e+05,0e+00,0e+00,0e+00,0e+00,0e+00,0e+00,0e+00,0e+00,0e+00,0e+00,0e+00,0e+00,0e+00,0e+00,0e+00,0e+00,0e+00,0e+00,0e+00,0e+00,0e+00,0e+00,0e+00,0e+00,-2e+03,0e+00,5e+04,-2e+03,-5e+05,5e+05,0e+00,0e+00,0e+00,0e+00,0e+00,0e+00,0e+00,0e+00,0e+00,0e+00,0e+00,0e+00
0e+00,0e+00,0e+00,0e+00,0e+00,0e+00,0e+00,0e+00,0e+00,0e+00,0e+00,0e+00,0e+00,0e+00,0e+00,0e+00,0e+00,0e+00,0e+00,0e+00,0e+00,0e+00,0e+00,2e+03,0e+00,-3e+04,4e+02,-3e+05,3e+05,0e+00,0e+00,0e+00,0e+00,0e+00,0e+00,0e+00,0e+00,0e+00,0e+00,0e+00,0e+00,0e+00,0e+00,0e+00,0e+00,0e+00,0e+00,0e+00,0e+00,0e+00,0e+00,0e+00,0e+00,-2e+03,0e+00,5e+04,-1e+03,5e+05,-6e+05,0e+00,0e+00,0e+00,0e+00,0e+00,0e+00,0e+00,0e+00,0e+00,0e+00,0e+00,0e+00
1e+07,2e+06,-5e+03,-2e+03,-4e+03,0e+00,0e+00,0e+00,0e+00,0e+00,0e+00,0e+00,0e+00,0e+00,0e+00,0e+00,0e+00,0e+00,0e+00,0e+00,0e+00,0e+00,0e+00,0e+00,0e+00,0e+00,0e+00,0e+00,0e+00,4e+07,-3e+07,-8e+06,2e+04,2e+04,2e+04,0e+00,0e+00,0e+00,0e+00,0e+00,0e+00,0e+00,0e+00,0e+00,0e+00,0e+00,0e+00,0e+00,0e+00,0e+00,0e+00,0e+00,0e+00,0e+00,0e+00,0e+00,0e+00,0e+00,0e+00,0e+00,0e+00,0e+00,0e+00,0e+00,0e+00,0e+00,0e+00,0e+00,0e+00,0e+00,0e+00
-8e+06,-1e+06,9e+03,5e+03,2e+04,0e+00,0e+00,0e+00,0e+00,0e+00,0e+00,0e+00,0e+00,0e+00,0e+00,0e+00,0e+00,0e+00,0e+00,0e+00,0e+00,0e+00,0e+00,0e+00,0e+00,0e+00,0e+00,0e+00,0e+00,-3e+07,2e+07,6e+06,-4e+04,-3e+04,-8e+04,0e+00,0e+00,0e+00,0e+00,0e+00,0e+00,0e+00,0e+00,0e+00,0e+00,0e+00,0e+00,0e+00,0e+00,0e+00,0e+00,0e+00,0e+00,0e+00,0e+00,0e+00,0e+00,0e+00,0e+00,-1e+00,-2e+00,-5e+00,-5e+00,0e+00,0e+00,0e+00,0e+00,0e+00,0e+00,0e+00,0e+00
-2e+06,-5e+05,0e+00,0e+00,0e+00,0e+00,0e+00,0e+00,0e+00,0e+00,0e+00,0e+00,0e+00,0e+00,0e+00,0e+00,0e+00,0e+00,0e+00,0e+00,0e+00,0e+00,0e+00,0e+00,0e+00,0e+00,0e+00,0e+00,0e+00,-8e+06,6e+06,2e+06,0e+00,0e+00,0e+00,0e+00,0e+00,0e+00,0e+00,0e+00,0e+00,0e+00,0e+00,0e+00,0e+00,0e+00,0e+00,0e+00,0e+00,0e+00,0e+00,0e+00,0e+00,0e+00,0e+00,0e+00,0e+00,0e+00,0e+00,0e+00,0e+00,0e+00,0e+00,0e+00,0e+00,0e+00,0e+00,0e+00,0e+00,0e+00,0e+00
9e+03,0e+00,-5e+03,-9e+02,-1e+03,0e+00,0e+00,0e+00,0e+00,0e+00,4e+04,-2e+03,-8e+03,-2e+04,-1e+04,0e+00,0e+00,0e+00,0e+00,0e+00,0e+00,0e+00,0e+00,0e+00,0e+00,0e+00,0e+00,0e+00,0e+00,2e+04,-4e+04,0e+00,3e+05,6e+03,7e+03,0e+00,0e+00,0e+00,0e+00,0e+00,-5e+05,4e+04,2e+04,4e+04,3e+04,0e+00,0e+00,0e+00,0e+00,0e+00,0e+00,0e+00,0e+00,0e+00,0e+00,0e+00,0e+00,0e+00,0e+00,0e+00,-6e+00,0e+00,-2e+01,0e+00,0e+00,0e+00,0e+00,0e+00,0e+00,0e+00,0e+00
9e+03,0e+00,-2e+03,-9e+02,-1e+03,0e+00,0e+00,0e+00,0e+00,0e+00,0e+00,0e+00,0e+00,0e+00,0e+00,0e+00,0e+00,0e+00,0e+00,0e+00,0e+00,0e+00,0e+00,0e+00,0e+00,0e+00,0e+00,0e+00,0e+00,2e+04,-3e+04,0e+00,6e+03,5e+03,6e+03,0e+00,0e+00,0e+00,0e+00,0e+00,0e+00,0e+00,0e+00,0e+00,0e+00,0e+00,0e+00,0e+00,0e+00,0e+00,0e+00,0e+00,0e+00,0e+00,0e+00,0e+00,0e+00,0e+00,0e+00,4e+00,0e+00,1e+01,0e+00,0e+00,0e+00,0e+00,0e+00,0e+00,0e+00,0e+00,0e+00
2e+04,0e+00,-2e+03,-9e+02,-3e+05,3e+05,5e+02,-1e+03,5e+05,0e+00,0e+00,0e+00,0e+00,0e+00,0e+00,-2e+05,0e+00,0e+00,-6e+04,-2e+05,-1e+05,0e+00,0e+00,0e+00,0e+00,0e+00,-5e+02,0e+00,0e+00,2e+04,-8e+04,0e+00,7e+03,6e+03,1e+06,-1e+06,-6e+04,4e+05,-2e+06,0e+00,0e+00,0e+00,0e+00,0e+00,0e+00,4e+05,0e+00,0e+00,2e+05,5e+05,2e+05,0e+00,0e+00,0e+00,0e+00,0e+00,1e+04,0e+00,0e+00,0e+00,2e+01,0e+00,8e+01,-6e-02,0e+00,0e+00,-5e+00,-5e+00,0e+00,0e+00,-1e+01
0e+00,0e+00,0e+00,0e+00,3e+05,-3e+05,0e+00,0e+00,0e+00,0e+00,0e+00,0e+00,0e+00,0e+00,0e+00,0e+00,0e+00,0e+00,0e+00,0e+00,0e+00,0e+00,0e+00,0e+00,0e+00,0e+00,0e+00,0e+00,0e+00,0e+00,0e+00,0e+00,0e+00,0e+00,-1e+06,1e+06,0e+00,0e+00,0e+00,0e+00,0e+00,0e+00,0e+00,0e+00,0e+00,0e+00,0e+00,0e+00,0e+00,0e+00,0e+00,0e+00,0e+00,0e+00,0e+00,0e+00,0e+00,0e+00,0e+00,-3e+00,-4e+00,-7e+00,-1e+01,0e+00,0e+00,0e+00,0e+00,0e+00,0e+00,0e+00,0e+00
0e+00,0e+00,0e+00,0e+00,5e+02,0e+00,-1e+03,0e+00,0e+00,0e+00,0e+00,0e+00,0e+00,0e+00,0e+00,0e+00,0e+00,0e+00,0e+00,0e+00,0e+00,0e+00,0e+00,0e+00,0e+00,0e+00,7e+02,0e+00,0e+00,0e+00,0e+00,0e+00,0e+00,0e+00,-6e+04,0e+00,8e+04,0e+00,0e+00,0e+00,0e+00,0e+00,0e+00,0e+00,0e+00,0e+00,0e+00,0e+00,0e+00,0e+00,0e+00,0e+00,0e+00,0e+00,0e+00,0e+00,-1e+04,0e+00,0e+00,0e+00,-6e+00,0e+00,-2e+01,0e+00,0e+00,0e+00,-1e+00,0e+00,0e+00,0e+00,-4e+00
0e+00,0e+00,0e+00,0e+00,-6e+03,0e+00,0e+00,-5e+03,3e+06,8e-04,0e+00,0e+00,0e+00,0e+00,0e+00,-8e+05,0e+00,0e+00,-3e+05,-1e+06,-5e+05,0e+00,0e+00,0e+00,0e+00,0e+00,0e+00,0e+00,0e+00,0e+00,0e+00,0e+00,0e+00,0e+00,4e+05,0e+00,0e+00,2e+11,-9e+06,-2e+11,0e+00,0e+00,0e+00,0e+00,0e+00,2e+06,0e+00,0e+00,8e+05,2e+06,1e+06,0e+00,0e+00,0e+00,0e+00,0e+00,0e+00,0e+00,0e+00,0e+00,6e-02,0e+00,-5e+00,3e-12,8e-15,0e+00,0e+00,2e+01,-5e+00,0e+00,0e+00
0e+00,0e+00,0e+00,0e+00,-3e+04,0e+00,0e+00,-3e+05,-1e+07,0e+00,0e+00,0e+00,0e+00,0e+00,-3e+04,4e+06,0e+00,0e+00,1e+06,4e+06,2e+06,0e+00,0e+00,0e+00,0e+00,0e+00,0e+00,0e+00,0e+00,0e+00,0e+00,0e+00,0e+00,0e+00,-2e+06,0e+00,0e+00,-9e+06,4e+07,0e+00,0e+00,0e+00,0e+00,0e+00,1e+05,-1e+07,0e+00,0e+00,-4e+06,-1e+07,-5e+06,0e+00,0e+00,0e+00,0e+00,0e+00,0e+00,0e+00,0e+00,0e+00,3e-02,0e+00,-2e+00,6e-02,0e+00,0e+00,0e+00,-9e+00,0e+00,0e+00,0e+00
0e+00,0e+00,0e+00,0e+00,0e+00,0e+00,0e+00,-9e-21,0e+00,9e-21,0e+00,0e+00,0e+00,0e+00,0e+00,0e+00,0e+00,0e+00,0e+00,0e+00,0e+00,0e+00,0e+00,0e+00,0e+00,0e+00,0e+00,0e+00,0e+00,0e+00,0e+00,0e+00,0e+00,0e+00,0e+00,0e+00,0e+00,-2e+11,0e+00,2e+11,0e+00,0e+00,0e+00,0e+00,0e+00,0e+00,0e+00,0e+00,0e+00,0e+00,0e+00,0e+00,0e+00,0e+00,0e+00,0e+00,0e+00,0e+00,0e+00,0e+00,0e+00,0e+00,0e+00,-8e-15,8e-15,0e+00,0e+00,-5e+00,5e+00,0e+00,0e+00
0e+00,0e+00,-2e+04,0e+00,0e+00,0e+00,0e+00,0e+00,0e+00,0e+00,-5e+05,-1e+04,-2e+05,8e+05,3e+05,-1e+05,-1e+05,0e+00,0e+00,0e+00,0e+00,-2e+05,0e+00,0e+00,0e+00,0e+00,0e+00,0e+00,0e+00,0e+00,0e+00,0e+00,-5e+05,0e+00,0e+00,0e+00,0e+00,0e+00,0e+00,0e+00,2e+06,-3e+05,7e+04,-2e+06,-1e+06,5e+05,3e+05,0e+00,0e+00,0e+00,0e+00,3e+05,0e+00,0e+00,0e+00,0e+00,0e+00,0e+00,0e+00,0e+00,0e+00,0e+00,0e+00,0e+00,0e+00,0e+00,0e+00,0e+00,0e+00,0e+00,0e+00
0e+00,0e+00,1e+03,0e+00,0e+00,0e+00,0e+00,0e+00,0e+00,0e+00,7e+04,-5e+03,-1e+04,-3e+04,-2e+04,0e+00,0e+00,0e+00,0e+00,0e+00,0e+00,0e+00,0e+00,0e+00,0e+00,0e+00,0e+00,0e+00,0e+00,0e+00,0e+00,0e+00,4e+04,0e+00,0e+00,0e+00,0e+00,0e+00,0e+00,0e+00,-3e+05,1e+05,4e+04,7e+04,5e+04,0e+00,0e+00,0e+00,0e+00,0e+00,0e+00,0e+00,0e+00,0e+00,0e+00,0e+00,0e+00,0e+00,0e+00,0e+00,0e+00,0e+00,0e+00,0e+00,0e+00,0e+00,0e+00,0e+00,0e+00,0e+00,0e+00
0e+00,0e+00,4e+03,0e+00,0e+00,0e+00,0e+00,0e+00,0e+00,0e+00,-7e+04,5e+03,-7e+04,2e+05,-5e+03,0e+00,-4e+04,0e+00,0e+00,0e+00,0e+00,-5e+04,0e+00,0e+00,0e+00,0e+00,0e+00,0e+00,0e+00,0e+00,0e+00,0e+00,2e+04,0e+00,0e+00,0e+00,0e+00,0e+00,0e+00,0e+00,7e+04,4e+04,1e+05,-5e+05,2e+04,0e+00,1e+05,0e+00,0e+00,0e+00,0e+00,1e+05,0e+00,0e+00,0e+00,0e+00,0e+00,0e+00,0e+00,0e+00,0e+00,0e+00,0e+00,0e+00,0e+00,0e+00,0e+00,0e+00,0e+00,0e+00,0e+00
0e+00,0e+00,8e+03,0e+00,0e+00,0e+00,0e+00,0e+00,0e+00,0e+00,6e+05,1e+04,5e+05,-3e+06,-7e+03,0e+00,2e+06,-9e+05,0e+00,0e+00,0e+00,4e+05,0e+00,0e+00,0e+00,0e+00,0e+00,0e+00,0e+00,0e+00,0e+00,0e+00,4e+04,0e+00,0e+00,0e+00,0e+00,0e+00,0e+00,0e+00,-2e+06,7e+04,-5e+05,5e+06,4e+04,0e+00,-5e+06,2e+06,0e+00,0e+00,0e+00,-9e+05,0e+00,0e+00,0e+00,0e+00,0e+00,0e+00,0e+00,0e+00,0e+00,0e+00,0e+00,0e+00,0e+00,0e+00,0e+00,0e+00,0e+00,0e+00,0e+00
0e+00,0e+00,5e+03,0e+00,0e+00,0e+00,0e+00,0e+00,-2e+04,0e+00,3e+05,6e+03,-5e+03,-1e+04,-6e+05,3e+05,0e+00,0e+00,0e+00,0e+00,0e+00,0e+00,0e+00,0e+00,0e+00,0e+00,0e+00,0e+00,0e+00,0e+00,0e+00,0e+00,3e+04,0e+00,0e+00,0e+00,0e+00,0e+00,1e+05,0e+00,-1e+06,5e+04,2e+04,4e+04,2e+06,-1e+06,0e+00,0e+00,0e+00,0e+00,0e+00,0e+00,0e+00,0e+00,0e+00,0e+00,0e+00,0e+00,0e+00,0e+00,0e+00,0e+00,0e+00,0e+00,0e+00,0e+00,0e+00,0e+00,0e+00,0e+00,0e+00
0e+00,0e+00,0e+00,0e+00,1e+04,0e+00,0e+00,8e+04,3e+06,0e+00,-2e+05,0e+00,0e+00,0e+00,4e+05,-1e+06,0e+00,0e+00,-3e+05,-1e+06,-6e+05,0e+00,0e+00,0e+00,0e+00,0e+00,0e+00,0e+00,0e+00,0e+00,0e+00,0e+00,0e+00,0e+00,4e+05,0e+00,0e+00,2e+06,-1e+07,0e+00,5e+05,0e+00,0e+00,0e+00,-1e+06,4e+06,0e+00,0e+00,1e+06,3e+06,1e+06,0e+00,0e+00,0e+00,0e+00,0e+00,0e+00,0e+00,0e+00,0e+00,0e+00,0e+00,0e+00,0e+00,0e+00,0e+00,0e+00,0e+00,0e+00,0e+00,0e+00
0e+00,0e+00,0e+00,0e+00,0e+00,0e+00,0e+00,0e+00,0e+00,0e+00,-2e+05,0e+00,-1e+05,2e+06,0e+00,0e+00,-2e+07,2e+07,-2e+05,0e+00,0e+00,-1e+05,0e+00,0e+00,0e+00,0e+00,0e+00,0e+00,0e+00,0e+00,0e+00,0e+00,0e+00,0e+00,0e+00,0e+00,0e+00,0e+00,0e+00,0e+00,3e+05,0e+00,1e+05,-5e+06,0e+00,0e+00,4e+07,-4e+07,6e+05,0e+00,0e+00,2e+05,0e+00,0e+00,0e+00,0e+00,0e+00,0e+00,0e+00,0e+00,0e+00,0e+00,0e+00,0e+00,0e+00,0e+00,0e+00,0e+00,0e+00,0e+00,0e+00
0e+00,0e+00,0e+00,0e+00,0e+00,0e+00,0e+00,0e+00,0e+00,0e+00,0e+00,0e+00,0e+00,-1e+06,0e+00,0e+00,2e+07,-2e+07,6e+05,0e+00,0e+00,0e+00,0e+00,0e+00,0e+00,0e+00,0e+00,0e+00,0e+00,0e+00,0e+00,0e+00,0e+00,0e+00,0e+00,0e+00,0e+00,0e+00,0e+00,0e+00,0e+00,0e+00,0e+00,2e+06,0e+00,0e+00,-4e+07,4e+07,-3e+06,0e+00,0e+00,0e+00,0e+00,0e+00,0e+00,0e+00,0e+00,0e+00,0e+00,0e+00,0e+00,0e+00,0e+00,0e+00,0e+00,0e+00,0e+00,0e+00,0e+00,0e+00,0e+00
0e+00,0e+00,0e+00,0e+00,5e+03,0e+00,0e+00,3e+04,1e+06,0e+00,0e+00,0e+00,0e+00,0e+00,0e+00,-3e+05,-2e+05,6e+05,-5e+05,-4e+05,-2e+05,0e+00,0e+00,0e+00,0e+00,0e+00,0e+00,0e+00,0e+00,0e+00,0e+00,0e+00,0e+00,0e+00,2e+05,0e+00,0e+00,8e+05,-4e+06,0e+00,0e+00,0e+00,0e+00,0e+00,0e+00,1e+06,6e+05,-3e+06,3e+06,1e+06,5e+05,0e+00,0e+00,0e+00,0e+00,0e+00,0e+00,0e+00,0e+00,0e+00,0e+00,0e+00,0e+00,0e+00,0e+00,0e+00,0e+00,0e+00,0e+00,0e+00,0e+00
0e+00,0e+00,0e+00,0e+00,1e+04,0e+00,0e+00,1e+05,3e+06,0e+00,0e+00,0e+00,0e+00,0e+00,0e+00,-9e+05,0e+00,0e+00,-4e+05,-1e+06,-6e+05,0e+00,0e+00,0e+00,0e+00,0e+00,0e+00,0e+00,0e+00,0e+00,0e+00,0e+00,0e+00,0e+00,5e+05,0e+00,0e+00,2e+06,-1e+07,0e+00,0e+00,0e+00,0e+00,0e+00,0e+00,3e+06,0e+00,0e+00,1e+06,3e+06,1e+06,0e+00,0e+00,0e+00,0e+00,0e+00,0e+00,0e+00,0e+00,0e+00,0e+00,0e+00,0e+00,0e+00,0e+00,0e+00,0e+00,0e+00,0e+00,0e+00,0e+00
0e+00,0e+00,0e+00,0e+00,7e+03,0e+00,0e+00,5e+04,1e+06,0e+00,0e+00,0e+00,0e+00,0e+00,0e+00,-4e+05,0e+00,0e+00,-2e+05,-5e+05,4e+04,-3e+03,-2e+05,-4e+03,0e+00,0e+00,0e+00,0e+00,0e+00,0e+00,0e+00,0e+00,0e+00,0e+00,2e+05,0e+00,0e+00,1e+06,-5e+06,0e+00,0e+00,0e+00,0e+00,0e+00,0e+00,1e+06,0e+00,0e+00,5e+05,1e+06,1e+06,3e+04,-2e+05,2e+04,0e+00,0e+00,0e+00,0e+00,0e+00,0e+00,0e+00,0e+00,0e+00,0e+00,0e+00,0e+00,0e+00,0e+00,0e+00,0e+00,0e+00
0e+00,0e+00,0e+00,0e+00,0e+00,0e+00,0e+00,0e+00,0e+00,0e+00,-2e+05,0e+00,-1e+05,5e+05,0e+00,0e+00,-8e+04,0e+00,0e+00,0e+00,-8e+03,-1e+05,2e+04,-4e+03,0e+00,0e+00,0e+00,0e+00,0e+00,0e+00,0e+00,0e+00,0e+00,0e+00,0e+00,0e+00,0e+00,0e+00,0e+00,0e+00,3e+05,0e+00,1e+05,-9e+05,0e+00,0e+00,2e+05,0e+00,0e+00,0e+00,3e+04,3e+05,-6e+04,2e+04,0e+00,0e+00,0e+00,0e+00,0e+00,0e+00,0e+00,0e+00,0e+00,0e+00,0e+00,0e+00,0e+00,0e+00,0e+00,0e+00,0e+00
0e+00,0e+00,0e+00,0e+00,0e+00,0e+00,0e+00,0e+00,0e+00,0e+00,0e+00,0e+00,0e+00,0e+00,0e+00,0e+00,0e+00,0e+00,0e+00,0e+00,-2e+05,9e+03,8e+04,8e+04,0e+00,0e+00,0e+00,0e+00,0e+00,0e+00,0e+00,0e+00,0e+00,0e+00,0e+00,0e+00,0e+00,0e+00,0e+00,0e+00,0e+00,0e+00,0e+00,0e+00,0e+00,0e+00,0e+00,0e+00,0e+00,0e+00,-2e+05,-6e+04,5e+05,-2e+05,0e+00,0e+00,0e+00,0e+00,0e+00,0e+00,0e+00,0e+00,0e+00,0e+00,0e+00,-1e+00,0e+00,0e+00,0e+00,-2e+00,0e+00
0e+00,0e+00,0e+00,0e+00,0e+00,0e+00,0e+00,0e+00,0e+00,0e+00,0e+00,0e+00,0e+00,0e+00,0e+00,0e+00,0e+00,0e+00,0e+00,0e+00,-5e+03,-2e+03,8e+04,-2e+06,2e+04,1e+06,8e+02,-2e+03,-2e+03,0e+00,0e+00,0e+00,0e+00,0e+00,0e+00,0e+00,0e+00,0e+00,0e+00,0e+00,0e+00,0e+00,0e+00,0e+00,0e+00,0e+00,0e+00,0e+00,0e+00,0e+00,2e+04,2e+04,-2e+05,3e+06,-6e+04,-3e+06,8e+03,6e+03,4e+03,0e+00,0e+00,0e+00,0e+00,0e+00,0e+00,4e+00,0e+00,0e+00,0e+00,8e+00,0e+00
0e+00,0e+00,0e+00,0e+00,0e+00,0e+00,0e+00,0e+00,0e+00,0e+00,0e+00,0e+00,0e+00,0e+00,0e+00,0e+00,0e+00,0e+00,0e+00,0e+00,0e+00,0e+00,0e+00,2e+04,-2e+04,0e+00,0e+00,0e+00,0e+00,0e+00,0e+00,0e+00,0e+00,0e+00,0e+00,0e+00,0e+00,0e+00,0e+00,0e+00,0e+00,0e+00,0e+00,0e+00,0e+00,0e+00,0e+00,0e+00,0e+00,0e+00,0e+00,0e+00,0e+00,-6e+04,6e+04,0e+00,0e+00,0e+00,0e+00,0e+00,0e+00,0e+00,0e+00,0e+00,0e+00,-1e+00,0e+00,0e+00,0e+00,-2e+00,0e+00
0e+00,0e+00,0e+00,0e+00,0e+00,0e+00,0e+00,0e+00,0e+00,0e+00,0e+00,0e+00,0e+00,0e+00,0e+00,0e+00,0e+00,0e+00,0e+00,0e+00,0e+00,0e+00,0e+00,1e+06,0e+00,-2e+06,-2e+03,5e+04,5e+04,0e+00,0e+00,0e+00,0e+00,0e+00,0e+00,0e+00,0e+00,0e+00,0e+00,0e+00,0e+00,0e+00,0e+00,0e+00,0e+00,0e+00,0e+00,0e+00,0e+00,0e+00,0e+00,0e+00,0e+00,-3e+06,0e+00,3e+06,-2e+04,-9e+04,-1e+05,0e+00,0e+00,0e+00,0e+00,0e+00,0e+00,-2e+00,-6e-02,0e+00,0e+00,-4e+00,-2e+00
0e+00,0e+00,0e+00,0e+00,5e+02,0e+00,-5e+02,0e+00,0e+00,0e+00,0e+00,0e+00,0e+00,0e+00,0e+00,0e+00,0e+00,0e+00,0e+00,0e+00,0e+00,0e+00,0e+00,-4e+03,0e+00,7e+03,1e+02,-2e+03,-1e+03,0e+00,0e+00,0e+00,0e+00,0e+00,1e+04,0e+00,-1e+04,0e+00,0e+00,0e+00,0e+00,0e+00,0e+00,0e+00,0e+00,0e+00,0e+00,0e+00,0e+00,0e+00,0e+00,0e+00,0e+00,8e+03,0e+00,-2e+04,7e+03,4e+03,3e+03,0e+00,-5e+00,0e+00,-1e+01,0e+00,0e+00,0e+00,6e+00,0e+00,0e+00,0e+00,2e+01
0e+00,0e+00,0e+00,0e+00,0e+00,0e+00,0e+00,0e+00,0e+00,0e+00,0e+00,0e+00,0e+00,0e+00,0e+00,0e+00,0e+00,0e+00,0e+00,0e+00,0e+00,0e+00,0e+00,-2e+03,0e+00,4e+04,4e+02,-5e+05,5e+05,0e+00,0e+00,0e+00,0e+00,0e+00,0e+00,0e+00,0e+00,0e+00,0e+00,0e+00,0e+00,0e+00,0e+00,0e+00,0e+00,0e+00,0e+00,0e+00,0e+00,0e+00,0e+00,0e+00,0e+00,6e+03,0e+00,-9e+04,4e+03,1e+06,-1e+06,0e+00,0e+00,0e+00,0e+00,0e+00,0e+00,0e+00,0e+00,0e+00,0e+00,0e+00,0e+00
0e+00,0e+00,0e+00,0e+00,0e+00,0e+00,0e+00,0e+00,0e+00,0e+00,0e+00,0e+00,0e+00,0e+00,0e+00,0e+00,0e+00,0e+00,0e+00,0e+00,0e+00,0e+00,0e+00,-2e+03,0e+00,5e+04,3e+02,5e+05,-6e+05,0e+00,0e+00,0e+00,0e+00,0e+00,0e+00,0e+00,0e+00,0e+00,0e+00,0e+00,0e+00,0e+00,0e+00,0e+00,0e+00,0e+00,0e+00,0e+00,0e+00,0e+00,0e+00,0e+00,0e+00,4e+03,0e+00,-1e+05,3e+03,-1e+06,1e+06,0e+00,0e+00,0e+00,0e+00,0e+00,0e+00,0e+00,0e+00,0e+00,0e+00,0e+00,0e+00
-5e+00,0e+00,0e+00,1e+01,0e+00,-7e+00,0e+00,0e+00,0e+00,0e+00,0e+00,0e+00,0e+00,0e+00,0e+00,0e+00,0e+00,0e+00,0e+00,0e+00,0e+00,0e+00,0e+00,0e+00,0e+00,0e+00,0e+00,0e+00,0e+00,0e+00,-1e+00,0e+00,0e+00,4e+00,0e+00,-3e+00,0e+00,0e+00,0e+00,0e+00,0e+00,0e+00,0e+00,0e+00,0e+00,0e+00,0e+00,0e+00,0e+00,0e+00,0e+00,0e+00,0e+00,0e+00,0e+00,0e+00,0e+00,0e+00,0e+00,0e+00,0e+00,0e+00,0e+00,0e+00,0e+00,0e+00,0e+00,0e+00,0e+00,0e+00,0e+00
-5e+00,0e+00,-2e+01,0e+00,8e+01,-1e+01,-2e+01,-5e+00,-2e+00,0e+00,0e+00,0e+00,0e+00,0e+00,0e+00,0e+00,0e+00,0e+00,0e+00,0e+00,0e+00,0e+00,0e+00,0e+00,0e+00,0e+00,-1e+01,0e+00,0e+00,0e+00,-2e+00,0e+00,-6e+00,0e+00,2e+01,-4e+00,-6e+00,6e-02,3e-02,0e+00,0e+00,0e+00,0e+00,0e+00,0e+00,0e+00,0e+00,0e+00,0e+00,0e+00,0e+00,0e+00,0e+00,0e+00,0e+00,0e+00,-5e+00,0e+00,0e+00,0e+00,0e+00,0e+00,0e+00,0e+00,0e+00,0e+00,0e+00,0e+00,0e+00,0e+00,0e+00
1e+00,0e+00,0e+00,-4e+00,0e+00,3e+00,0e+00,0e+00,0e+00,0e+00,0e+00,0e+00,0e+00,0e+00,0e+00,0e+00,0e+00,0e+00,0e+00,0e+00,0e+00,0e+00,0e+00,0e+00,0e+00,0e+00,0e+00,0e+00,0e+00,0e+00,-5e+00,0e+00,0e+00,1e+01,0e+00,-7e+00,0e+00,0e+00,0e+00,0e+00,0e+00,0e+00,0e+00,0e+00,0e+00,0e+00,0e+00,0e+00,0e+00,0e+00,0e+00,0e+00,0e+00,0e+00,0e+00,0e+00,0e+00,0e+00,0e+00,0e+00,0e+00,0e+00,0e+00,0e+00,0e+00,0e+00,0e+00,0e+00,0e+00,0e+00,0e+00
2e+00,0e+00,6e+00,0e+00,-2e+01,4e+00,5e+00,-6e-02,-3e-02,0e+00,0e+00,0e+00,0e+00,0e+00,0e+00,0e+00,0e+00,0e+00,0e+00,0e+00,0e+00,0e+00,0e+00,0e+00,0e+00,0e+00,5e+00,0e+00,0e+00,0e+00,-5e+00,0e+00,-2e+01,0e+00,8e+01,-1e+01,-2e+01,-5e+00,-2e+00,0e+00,0e+00,0e+00,0e+00,0e+00,0e+00,0e+00,0e+00,0e+00,0e+00,0e+00,0e+00,0e+00,0e+00,0e+00,0e+00,0e+00,-1e+01,0e+00,0e+00,0e+00,0e+00,0e+00,0e+00,0e+00,0e+00,0e+00,0e+00,0e+00,0e+00,0e+00,0e+00
0e+00,0e+00,0e+00,0e+00,-5e+00,0e+00,0e+00,2e+01,-9e+00,-5e+00,0e+00,0e+00,0e+00,0e+00,0e+00,0e+00,0e+00,0e+00,0e+00,0e+00,0e+00,0e+00,0e+00,0e+00,0e+00,0e+00,0e+00,0e+00,0e+00,0e+00,0e+00,0e+00,0e+00,0e+00,-6e-02,0e+00,0e+00,3e-12,6e-02,-8e-15,0e+00,0e+00,0e+00,0e+00,0e+00,0e+00,0e+00,0e+00,0e+00,0e+00,0e+00,0e+00,0e+00,0e+00,0e+00,0e+00,0e+00,0e+00,0e+00,0e+00,0e+00,0e+00,0e+00,0e+00,0e+00,0e+00,0e+00,0e+00,0e+00,0e+00,0e+00
0e+00,0e+00,0e+00,0e+00,0e+00,0e+00,0e+00,-5e+00,0e+00,5e+00,0e+00,0e+00,0e+00,0e+00,0e+00,0e+00,0e+00,0e+00,0e+00,0e+00,0e+00,0e+00,0e+00,0e+00,0e+00,0e+00,0e+00,0e+00,0e+00,0e+00,0e+00,0e+00,0e+00,0e+00,0e+00,0e+00,0e+00,8e-15,0e+00,8e-15,0e+00,0e+00,0e+00,0e+00,0e+00,0e+00,0e+00,0e+00,0e+00,0e+00,0e+00,0e+00,0e+00,0e+00,0e+00,0e+00,0e+00,0e+00,0e+00,0e+00,0e+00,0e+00,0e+00,0e+00,0e+00,0e+00,0e+00,0e+00,0e+00,0e+00,0e+00
0e+00,0e+00,0e+00,0e+00,0e+00,0e+00,0e+00,0e+00,0e+00,0e+00,0e+00,0e+00,0e+00,0e+00,0e+00,0e+00,0e+00,0e+00,0e+00,0e+00,0e+00,0e+00,-2e+00,8e+00,-2e+00,-4e+00,0e+00,0e+00,0e+00,0e+00,0e+00,0e+00,0e+00,0e+00,0e+00,0e+00,0e+00,0e+00,0e+00,0e+00,0e+00,0e+00,0e+00,0e+00,0e+00,0e+00,0e+00,0e+00,0e+00,0e+00,0e+00,0e+00,-1e+00,4e+00,-1e+00,-2e+00,0e+00,0e+00,0e+00,0e+00,0e+00,0e+00,0e+00,0e+00,0e+00,0e+00,0e+00,0e+00,0e+00,0e+00,0e+00
0e+00,0e+00,0e+00,0e+00,-1e+01,0e+00,-4e+00,0e+00,0e+00,0e+00,0e+00,0e+00,0e+00,0e+00,0e+00,0e+00,0e+00,0e+00,0e+00,0e+00,0e+00,0e+00,0e+00,0e+00,0e+00,-2e+00,2e+01,0e+00,0e+00,0e+00,0e+00,0e+00,0e+00,0e+00,-5e+00,0e+00,-1e+00,0e+00,0e+00,0e+00,0e+00,0e+00,0e+00,0e+00,0e+00,0e+00,0e+00,0e+00,0e+00,0e+00,0e+00,0e+00,0e+00,0e+00,0e+00,-6e-02,6e+00,0e+00,0e+00,0e+00,0e+00,0e+00,0e+00,0e+00,0e+00,0e+00,0e+00,0e+00,0e+00,0e+00,0e+00
0e+00,0e+00,0e+00,0e+00,6e-02,0e+00,0e+00,3e-12,-6e-02,8e-15,0e+00,0e+00,0e+00,0e+00,0e+00,0e+00,0e+00,0e+00,0e+00,0e+00,0e+00,0e+00,0e+00,0e+00,0e+00,0e+00,0e+00,0e+00,0e+00,0e+00,0e+00,0e+00,0e+00,0e+00,-5e+00,0e+00,0e+00,2e+01,-9e+00,-5e+00,0e+00,0e+00,0e+00,0e+00,0e+00,0e+00,0e+00,0e+00,0e+00,0e+00,0e+00,0e+00,0e+00,0e+00,0e+00,0e+00,0e+00,0e+00,0e+00,0e+00,0e+00,0e+00,0e+00,0e+00,0e+00,0e+00,0e+00,0e+00,0e+00,0e+00,0e+00
0e+00,0e+00,0e+00,0e+00,0e+00,0e+00,0e+00,-8e-15,0e+00,8e-15,0e+00,0e+00,0e+00,0e+00,0e+00,0e+00,0e+00,0e+00,0e+00,0e+00,0e+00,0e+00,0e+00,0e+00,0e+00,0e+00,0e+00,0e+00,0e+00,0e+00,0e+00,0e+00,0e+00,0e+00,0e+00,0e+00,0e+00,-5e+00,0e+00,5e+00,0e+00,0e+00,0e+00,0e+00,0e+00,0e+00,0e+00,0e+00,0e+00,0e+00,0e+00,0e+00,0e+00,0e+00,0e+00,0e+00,0e+00,0e+00,0e+00,0e+00,0e+00,0e+00,0e+00,0e+00,0e+00,0e+00,0e+00,0e+00,0e+00,0e+00,0e+00
0e+00,0e+00,0e+00,0e+00,0e+00,0e+00,0e+00,0e+00,0e+00,0e+00,0e+00,0e+00,0e+00,0e+00,0e+00,0e+00,0e+00,0e+00,0e+00,0e+00,0e+00,0e+00,1e+00,-4e+00,1e+00,2e+00,0e+00,0e+00,0e+00,0e+00,0e+00,0e+00,0e+00,0e+00,0e+00,0e+00,0e+00,0e+00,0e+00,0e+00,0e+00,0e+00,0e+00,0e+00,0e+00,0e+00,0e+00,0e+00,0e+00,0e+00,0e+00,0e+00,-2e+00,8e+00,-2e+00,-4e+00,0e+00,0e+00,0e+00,0e+00,0e+00,0e+00,0e+00,0e+00,0e+00,0e+00,0e+00,0e+00,0e+00,0e+00,0e+00
0e+00,0e+00,0e+00,0e+00,5e+00,0e+00,1e+00,0e+00,0e+00,0e+00,0e+00,0e+00,0e+00,0e+00,0e+00,0e+00,0e+00,0e+00,0e+00,0e+00,0e+00,0e+00,0e+00,0e+00,0e+00,6e-02,-6e+00,0e+00,0e+00,0e+00,0e+00,0e+00,0e+00,0e+00,-1e+01,0e+00,-4e+00,0e+00,0e+00,0e+00,0e+00,0e+00,0e+00,0e+00,0e+00,0e+00,0e+00,0e+00,0e+00,0e+00,0e+00,0e+00,0e+00,0e+00,0e+00,-2e+00,2e+01,0e+00,0e+00,0e+00,0e+00,0e+00,0e+00,0e+00,0e+00,0e+00,0e+00,0e+00,0e+00,0e+00,0e+00
